id;foto;foto_content_type;nome;sobre_nome;email;celular;posto
1;../fake-data/blob/hipster.png;image/png;senator spandex aching;upon generally malice;Enzo_Nogueira@hotmail.com;lanky from heyday;OficialSuper
2;../fake-data/blob/hipster.png;image/png;pound dragonfruit;psst midst hospitable;Joao_Macedo18@gmail.com;arctic;Graduado
3;../fake-data/blob/hipster.png;image/png;notwithstanding;except;Murilo_Martins45@bol.com.br;yum about;Praca
4;../fake-data/blob/hipster.png;image/png;closely;considering compassionate;Theo55@live.com;hyphenate;OficialSuper
5;../fake-data/blob/hipster.png;image/png;wary;consequently;Joana.Albuquerque@gmail.com;blow;Praca
6;../fake-data/blob/hipster.png;image/png;possible;thoroughly faint;Antonio_Xavier@bol.com.br;eek;OficialSuper
7;../fake-data/blob/hipster.png;image/png;athwart boo yum;complete defiantly;Fabio.Barros45@gmail.com;whirlwind atop disguised;Praca
8;../fake-data/blob/hipster.png;image/png;under;pish resuscitate never;MariaHelena_Xavier@bol.com.br;apropos;OficialSuper
9;../fake-data/blob/hipster.png;image/png;surroundings;ick oh;Janaina.Costa48@yahoo.com;upon whether;Graduado
10;../fake-data/blob/hipster.png;image/png;on;giant;Sirineu_Carvalho@bol.com.br;huzzah;Graduado
